{"ITR":{"ITR1":{"CreationInfo":{"SWVersionNo":"R1","SWCreatedBy":"SW10012425","JSONCreatedBy":"SW10012425","JSONCreationDate":"2024-07-21","Digest":"ZDggWT+jmiDuoAOrM01T9G8VVvTjHABuC0XyPkAr0C8=","IntermediaryCity":"Delhi"},"Form_ITR1":{"FormName":"ITR-1","Description":"For Indls having Income from Salary, Pension, family pension and Interest","AssessmentYear":"2024","SchemaVer":"Ver1.0","FormVer":"Ver1.0"},"PersonalInfo":{"AssesseeName":{"FirstName":"AMITKUMAR","MiddleName":"KALYANPRASAD","SurNameOrOrgName":"RAVAT"},"Address":{"ResidenceNo":"NA","ResidenceName":"Station Plot","RoadOrStreet":"Malia Hatina S.O","LocalityOrArea":"Malia","CityOrTownOrDistrict":"JUNAGADH","StateCode":"11","CountryCode":"91","PinCode":362245,"CountryCodeMobile":91,"MobileNo":9328971172,"EmailAddress":"ravatamit45@gmail.com"},"PAN":"CVIPR6917E","DOB":"1998-12-01","EmployerCategory":"OTH","AadhaarCardNo":"571316498267"},"FilingStatus":{"ReturnFileSec":11,"OptOutNewTaxRegime":"N","SeventhProvisio139":"N","IncrExpAggAmt2LkTrvFrgnCntryFlg":"N","IncrExpAggAmt1LkElctrctyPrYrFlg":"N","clauseiv7provisio139i":"N","ItrFilingDueDate":"2024-07-31"},"ITR1_IncomeDeductions":{"AllwncExemptUs10":{"TotalAllwncExemptUs10":0},"OthersInc":{"OthersIncDtlsOthSrc":[{"DividendInc":{"DateRange":{"Upto15Of6":1773,"Upto15Of9":0,"Up16Of9To15Of12":0,"Up16Of12To15Of3":0,"Up16Of3To31Of3":0}},"NOT89AInc":{"DateRange":{"Upto15Of6":0,"Upto15Of9":0,"Up16Of9To15Of12":0,"Up16Of12To15Of3":0,"Up16Of3To31Of3":0}},"OthSrcNatureDesc":"IFD","OthSrcOthAmount":1773},{"DividendInc":{"DateRange":{"Upto15Of6":3445,"Upto15Of9":0,"Up16Of9To15Of12":0,"Up16Of12To15Of3":0,"Up16Of3To31Of3":0}},"NOT89AInc":{"DateRange":{"Upto15Of6":0,"Upto15Of9":0,"Up16Of9To15Of12":0,"Up16Of12To15Of3":0,"Up16Of3To31Of3":0}},"OthSrcNatureDesc":"SAV","OthSrcOthAmount":3445}]},"UsrDeductUndChapVIA":{"Section80C":0,"Section80CCC":0,"Section80CCDEmployeeOrSE":0,"Section80CCD1B":0,"Section80CCDEmployer":0,"Section80D":0,"Section80DD":0,"Section80DDB":0,"Section80E":0,"Section80EE":0,"Section80EEA":0,"Section80EEB":0,"Section80G":0,"Section80GG":0,"Section80GGA":0,"Section80GGC":0,"Section80U":0,"Section80TTA":0,"Section80TTB":0,"AnyOthSec80CCH":0,"TotalChapVIADeductions":0},"DeductUndChapVIA":{"Section80C":0,"Section80CCC":0,"Section80CCDEmployeeOrSE":0,"Section80CCD1B":0,"Section80CCDEmployer":0,"Section80D":0,"Section80DD":0,"Section80DDB":0,"Section80E":0,"Section80EE":0,"Section80EEA":0,"Section80EEB":0,"Section80G":0,"Section80GG":0,"Section80GGA":0,"Section80GGC":0,"Section80U":0,"Section80TTA":0,"Section80TTB":0,"AnyOthSec80CCH":0,"TotalChapVIADeductions":0},"ExemptIncAgriOthUs10":{"ExemptIncAgriOthUs10Total":0},"GrossSalary":385485,"Salary":385485,"PerquisitesValue":0,"ProfitsInSalary":0,"IncomeNotified89A":0,"NetSalary":385485,"DeductionUs16":50000,"DeductionUs16ia":50000,"EntertainmentAlw16ii":0,"ProfessionalTaxUs16iii":0,"IncomeFromSal":335485,"AnnualValue":0,"StandardDeduction":0,"TotalIncomeOfHP":0,"IncomeOthSrc":5218,"DeductionUs57iia":0,"Increliefus89AOS":0,"GrossTotIncome":340703,"TotalIncome":340700},"ITR1_TaxComputation":{"IntrstPay":{"IntrstPayUs234A":0,"IntrstPayUs234B":0,"IntrstPayUs234C":0,"LateFilingFee234F":0},"TotalTaxPayable":2035,"Rebate87A":2035,"TaxPayableOnRebate":0,"EducationCess":0,"GrossTaxLiability":0,"Section89":0,"NetTaxLiability":0,"TotalIntrstPay":0,"TotTaxPlusIntrstPay":0},"TaxPaid":{"TaxesPaid":{"AdvanceTax":0,"TDS":29,"TCS":0,"SelfAssessmentTax":0,"TotalTaxesPaid":29},"BalTaxPayable":0},"Refund":{"BankAccountDtls":{"AddtnlBankDetails":[{"IFSCCode":"ICIC0000552","BankName":"ICICI BANK LIMITED","BankAccountNo":"288301002621","AccountType":"SB"}]},"RefundDue":30},"Schedule80G":{"Don100Percent":{"TotDon100PercentCash":0,"TotDon100PercentOtherMode":0,"TotDon100Percent":0,"TotEligibleDon100Percent":0},"Don50PercentNoApprReqd":{"TotDon50PercentNoApprReqdCash":0,"TotDon50PercentNoApprReqdOtherMode":0,"TotDon50PercentNoApprReqd":0,"TotEligibleDon50Percent":0},"Don100PercentApprReqd":{"TotDon100PercentApprReqdCash":0,"TotDon100PercentApprReqdOtherMode":0,"TotDon100PercentApprReqd":0,"TotEligibleDon100PercentApprReqd":0},"Don50PercentApprReqd":{"TotDon50PercentApprReqdCash":0,"TotDon50PercentApprReqdOtherMode":0,"TotDon50PercentApprReqd":0,"TotEligibleDon50PercentApprReqd":0},"TotalDonationsUs80GCash":0,"TotalDonationsUs80GOtherMode":0,"TotalDonationsUs80G":0,"TotalEligibleDonationsUs80G":0},"Schedule80GGA":{"TotalDonationAmtCash80GGA":0,"TotalDonationAmtOtherMode80GGA":0,"TotalDonationsUs80GGA":0,"TotalEligibleDonationAmt80GGA":0},"Schedule80GGC":{"TotalDonationAmtCash80GGC":0,"TotalDonationAmtOtherMode80GGC":0,"TotalDonationsUs80GGC":0,"TotalEligibleDonationAmt80GGC":0},"Schedule80D":{"Sec80DSelfFamSrCtznHealth":{"SeniorCitizenFlag":"S","SelfAndFamily":0,"HealthInsPremSlfFam":0,"PrevHlthChckUpSlfFam":0,"SelfAndFamilySeniorCitizen":0,"HlthInsPremSlfFamSrCtzn":0,"PrevHlthChckUpSlfFamSrCtzn":0,"MedicalExpSlfFamSrCtzn":0,"ParentsSeniorCitizenFlag":"P","Parents":0,"HlthInsPremParents":0,"PrevHlthChckUpParents":0,"ParentsSeniorCitizen":0,"HlthInsPremParentsSrCtzn":0,"PrevHlthChckUpParentsSrCtzn":0,"MedicalExpParentsSrCtzn":0,"EligibleAmountOfDedn":0}},"TDSonSalaries":{"TotalTDSonSalaries":0},"TDSonOthThanSals":{"TDSonOthThanSal":[{"EmployerOrDeductorOrCollectDetl":{"TAN":"MUMP22267A","EmployerOrDeductorOrCollecterName":"PLAY GAMES 24X7 PRIVATE LIMITED"},"AmtForTaxDeduct":97,"DeductedYr":"2023","TotTDSOnAmtPaid":29,"ClaimOutOfTotTDSOnAmtPaid":29}],"TotalTDSonOthThanSals":29},"ScheduleTDS3Dtls":{"TotalTDS3Details":0},"ScheduleTCS":{"TotalSchTCS":0},"TaxPayments":{"TotalTaxPayments":0},"Verification":{"Declaration":{"AssesseeVerName":"AMITKUMAR KALYANPRASAD RAVAT","FatherName":"KALYANPRASAD PANCHAMLAL RAVAT","AssesseeVerPAN":"CVIPR6917E"},"Capacity":"S","Place":"27.56.211.90"}}}}